{
  "$schema" : "http://wso2.org/json-schema/wso2-data-mapper-v5.0.0/schema#",
  "id" : "http://wso2jsonschema.org",
  "title" : "root",
  "type" : "object",
  "properties" : {
    "name" : {
      "id" : "http://wso2jsonschema.org/name",
      "type" : "string"
    },
    "dob" : {
      "id" : "http://wso2jsonschema.org/dob",
      "type" : "string"
    },
    "ssn" : {
      "id" : "http://wso2jsonschema.org/ssn",
      "type" : "string"
    },
    "address" : {
      "id" : "http://wso2jsonschema.org/address",
      "type" : "string"
    },
    "phone" : {
      "id" : "http://wso2jsonschema.org/phone",
      "type" : "string"
    },
    "email" : {
      "id" : "http://wso2jsonschema.org/email",
      "type" : "string"
    },
    "doctor" : {
      "id" : "http://wso2jsonschema.org/doctor",
      "type" : "string"
    },
    "hospital" : {
      "id" : "http://wso2jsonschema.org/hospital",
      "type" : "string"
    }
  }
}